﻿<?xml version="1.0" encoding="utf-8"?>
<Roots >
  <Roots.Interfaces>
    <RootInterface FullName="Windows.UI.Xaml.Data.IValueConverter" />
  </Roots.Interfaces>
  <Roots.PropertyPathNames>
    <RootPropertyPathName Name="Text" />
    <RootPropertyPathName Name="CopiedColorRepresentationIndex" />
    <RootPropertyPathName Name="IsEnabled" />
    <RootPropertyPathName Name="IsAdmin" />
    <RootPropertyPathName Name="AutoDownloadUpdates" />
    <RootPropertyPathName Name="CheckForUpdatesEventHandler" />
    <RootPropertyPathName Name="Startup" />
    <RootPropertyPathName Name="IsSystemThemeRadioButtonChecked" />
    <RootPropertyPathName Name="IsLightThemeRadioButtonChecked" />
    <RootPropertyPathName Name="IsDarkThemeRadioButtonChecked" />
    <RootPropertyPathName Name="IsElevated" />
    <RootPropertyPathName Name="RunElevated" />
    <RootPropertyPathName Name="RestartElevatedButtonEventHandler" />
    <RootPropertyPathName Name="IsAdminButtonEnabled" />
    <RootPropertyPathName Name="Id" />
    <RootPropertyPathName Name="Unit" />
    <RootPropertyPathName Name="EditShortcutCommand" />
    <RootPropertyPathName Name="RemapKeyboardCommand" />
    <RootPropertyPathName Name="TextColor" />
    <RootPropertyPathName Name="MaximumNumberOfResults" />
    <RootPropertyPathName Name="OpenWindowOnActiveMonitor" />
    <RootPropertyPathName Name="SVGThumbnailIsEnabled" />
    <RootPropertyPathName Name="MDRenderIsEnabled" />
    <RootPropertyPathName Name="SVGRenderIsEnabled" />
  </Roots.PropertyPathNames>
  <Roots.RootTypes>
    <RootType FullName="Microsoft.Toolkit.Win32.UI.XamlHost.XamlApplication">
      <RootProperty Name="Resources" />
    </RootType>
    <RootType FullName="Windows.UI.Xaml.ResourceDictionary">
      <RootProperty Name="MergedDictionaries" />
      <RootProperty Name="Source" />
    </RootType>
    <RootType FullName="Microsoft.UI.Xaml.Controls.XamlControlsResources" />
    <RootType FullName="Microsoft.PowerToys.Settings.UI.Converters.ModuleEnabledToForegroundConverter" />
    <RootType FullName="Windows.UI.Xaml.Media.SolidColorBrush">
      <RootProperty Name="Color" />
    </RootType>
    <RootType FullName="Windows.UI.Xaml.Controls.UserControl">
      <RootProperty Name="Content" />
    </RootType>
    <RootType FullName="Windows.UI.Xaml.Automation.AutomationProperties">
      <RootMethod Name="GetName" />
      <RootMethod Name="SetName" />
      <RootMethod Name="GetHelpText" />
      <RootMethod Name="SetHelpText" />
      <RootMethod Name="GetAccessibilityView" />
      <RootMethod Name="SetAccessibilityView" />
      <RootMethod Name="GetHeadingLevel" />
      <RootMethod Name="SetHeadingLevel" />
      <RootMethod Name="GetLabeledBy" />
      <RootMethod Name="SetLabeledBy" />
    </RootType>
    <RootType FullName="Microsoft.Xaml.DirectUI.ProxyTypes.BindExtension">
      <RootProperty Name="Mode" />
      <RootProperty Name="Path" />
      <RootProperty Name="Converter" />
      <RootProperty Name="ConverterParameter" />
    </RootType>
    <RootType FullName="Windows.UI.Xaml.Controls.TextBox">
      <RootProperty Name="IsReadOnly" />
      <RootProperty Name="Header" />
      <RootProperty Name="Text" />
      <RootProperty Name="HorizontalAlignment" />
      <RootProperty Name="MinWidth" />
      <RootProperty Name="IsEnabled" />
      <RootProperty Name="Margin" />
      <RootProperty Name="Name" />
      <RootProperty Name="Width" />
      <RootProperty Name="VerticalAlignment" />
      <RootProperty Name="TextWrapping" />
      <RootProperty Name="AcceptsReturn" />
      <RootProperty Name="MinHeight" />
    </RootType>
    <RootType FullName="Windows.UI.Xaml.Controls.ToolTipService">
      <RootMethod Name="GetToolTip" />
      <RootMethod Name="SetToolTip" />
    </RootType>
    <RootType FullName="Windows.UI.Xaml.Data.Binding">
      <RootProperty Name="ElementName" />
      <RootProperty Name="Path" />
      <RootProperty Name="Mode" />
      <RootProperty Name="Converter" />
    </RootType>
    <RootType FullName="Windows.UI.Xaml.Controls.TextBlock">
      <RootProperty Name="Inlines" />
      <RootProperty Name="Foreground" />
      <RootProperty Name="Margin" />
      <RootProperty Name="VerticalAlignment" />
      <RootProperty Name="FontSize" />
      <RootProperty Name="Text" />
      <RootProperty Name="FontWeight" />
      <RootProperty Name="TextTrimming" />
      <RootProperty Name="TextWrapping" />
      <RootProperty Name="Style" />
      <RootProperty Name="Visibility" />
      <RootProperty Name="Name" />
      <RootProperty Name="FontFamily" />
      <RootProperty Name="TextAlignment" />
      <RootProperty Name="Opacity" />
      <RootProperty Name="Width" />
    </RootType>
    <RootType FullName="Windows.UI.Xaml.Documents.Run">
      <RootProperty Name="Text" />
      <RootProperty Name="FontWeight" />
      <RootProperty Name="FontFamily" />
    </RootType>
    <RootType FullName="Windows.UI.Xaml.Documents.LineBreak" />
    <RootType FullName="Microsoft.PowerToys.Settings.UI.Controls.HotkeySettingsControl">
      <RootProperty Name="Margin" />
      <RootProperty Name="HotkeySettings" />
      <RootProperty Name="Keys" />
      <RootProperty Name="Enabled" />
      <RootProperty Name="HorizontalAlignment" />
      <RootProperty Name="MinWidth" />
    </RootType>
    <RootType FullName="Windows.UI.Xaml.Controls.AppBarButton">
      <RootProperty Name="Icon" />
      <RootProperty Name="Style" />
      <RootProperty Name="IsEnabled" />
      <RootProperty Name="Margin" />
      <RootEvent Name="Click" />
    </RootType>
    <RootType FullName="Windows.UI.Xaml.Controls.Control">
      <RootProperty Name="Background" />
      <RootProperty Name="Foreground" />
      <RootProperty Name="BorderBrush" />
      <RootProperty Name="FontFamily" />
      <RootProperty Name="FontWeight" />
      <RootProperty Name="UseSystemFocusVisuals" />
      <RootProperty Name="Template" />
      <RootProperty Name="FontSize" />
      <RootProperty Name="TabNavigation" />
      <RootProperty Name="Padding" />
      <RootProperty Name="HorizontalContentAlignment" />
      <RootProperty Name="VerticalContentAlignment" />
      <RootProperty Name="IsTabStop" />
      <RootMethod Name="GetIsTemplateFocusTarget" />
      <RootMethod Name="SetIsTemplateFocusTarget" />
    </RootType>
    <RootType FullName="Windows.UI.Xaml.FrameworkElement">
      <RootProperty Name="Width" />
      <RootProperty Name="HorizontalAlignment" />
      <RootProperty Name="MaxWidth" />
      <RootProperty Name="VerticalAlignment" />
      <RootProperty Name="AllowFocusOnInteraction" />
      <RootProperty Name="Margin" />
      <RootProperty Name="MinWidth" />
      <RootProperty Name="MinHeight" />
      <RootProperty Name="FocusVisualMargin" />
      <RootProperty Name="FocusVisualPrimaryBrush" />
      <RootProperty Name="FocusVisualPrimaryThickness" />
      <RootProperty Name="FocusVisualSecondaryBrush" />
      <RootProperty Name="FocusVisualSecondaryThickness" />
    </RootType>
    <RootType FullName="Windows.UI.Xaml.UIElement">
      <RootProperty Name="KeyboardAcceleratorPlacementMode" />
      <RootProperty Name="IsHoldingEnabled" />
      <RootProperty Name="AllowDrop" />
    </RootType>
    <RootType FullName="Windows.UI.Xaml.Setter">
      <RootProperty Name="Property" />
      <RootProperty Name="Value" />
      <RootProperty Name="Target" />
    </RootType>
    <RootType FullName="Windows.UI.Xaml.Controls.ControlTemplate">
      <RootProperty Name="TargetType" />
      <RootProperty Name="Template" />
    </RootType>
    <RootType FullName="Windows.UI.Xaml.Controls.Grid">
      <RootProperty Name="Background" />
      <RootProperty Name="BorderThickness" />
      <RootProperty Name="BorderBrush" />
      <RootProperty Name="CornerRadius" />
      <RootProperty Name="MinWidth" />
      <RootProperty Name="Children" />
      <RootProperty Name="ColumnDefinitions" />
      <RootProperty Name="RowSpacing" />
      <RootProperty Name="RowDefinitions" />
      <RootProperty Name="Margin" />
      <RootMethod Name="GetColumn" />
      <RootMethod Name="SetColumn" />
      <RootMethod Name="GetRow" />
      <RootMethod Name="SetRow" />
      <RootMethod Name="GetColumnSpan" />
      <RootMethod Name="SetColumnSpan" />
    </RootType>
    <RootType FullName="Windows.UI.Xaml.VisualStateManager">
      <RootMethod Name="GetVisualStateGroups" />
    </RootType>
    <RootType FullName="Microsoft.Xaml.DirectUI.ProxyTypes.TemplateBindingExtension" />
    <RootType FullName="Windows.UI.Xaml.VisualStateGroup">
      <RootProperty Name="States" />
    </RootType>
    <RootType FullName="Windows.UI.Xaml.VisualState">
      <RootProperty Name="Storyboard" />
      <RootProperty Name="Setters" />
      <RootProperty Name="StateTriggers" />
    </RootType>
    <RootType FullName="Microsoft.Xaml.DirectUI.ProxyTypes.ThemeResourceExtension" />
    <RootType FullName="Windows.UI.Xaml.Media.Animation.Storyboard">
      <RootProperty Name="Children" />
      <RootMethod Name="GetTargetName" />
      <RootMethod Name="SetTargetName" />
      <RootMethod Name="GetTargetProperty" />
      <RootMethod Name="SetTargetProperty" />
    </RootType>
    <RootType FullName="Windows.UI.Xaml.Media.Animation.ObjectAnimationUsingKeyFrames">
      <RootProperty Name="KeyFrames" />
    </RootType>
    <RootType FullName="Windows.UI.Xaml.Media.Animation.PointerDownThemeAnimation" />
    <RootType FullName="Windows.UI.Xaml.Media.Animation.DiscreteObjectKeyFrame">
      <RootProperty Name="KeyTime" />
      <RootProperty Name="Value" />
    </RootType>
    <RootType FullName="Windows.UI.Xaml.Media.Animation.PointerUpThemeAnimation" />
    <RootType FullName="Windows.UI.Xaml.Controls.ColumnDefinition">
      <RootProperty Name="Width" />
    </RootType>
    <RootType FullName="Windows.UI.Xaml.Controls.Border">
      <RootProperty Name="Margin" />
      <RootProperty Name="CornerRadius" />
      <RootProperty Name="Height" />
      <RootProperty Name="Width" />
      <RootProperty Name="Background" />
      <RootProperty Name="Child" />
      <RootProperty Name="MaxWidth" />
      <RootProperty Name="HorizontalAlignment" />
      <RootProperty Name="Name" />
      <RootProperty Name="Padding" />
      <RootProperty Name="VerticalAlignment" />
    </RootType>
    <RootType FullName="Windows.UI.Xaml.Controls.ContentPresenter">
      <RootProperty Name="Content" />
      <RootProperty Name="Foreground" />
      <RootProperty Name="RenderTransformOrigin" />
      <RootProperty Name="RenderTransform" />
    </RootType>
    <RootType FullName="Windows.UI.Xaml.Media.CompositeTransform">
      <RootProperty Name="ScaleX" />
      <RootProperty Name="ScaleY" />
    </RootType>
    <RootType FullName="Microsoft.Xaml.DirectUI.ProxyTypes.StaticResourceExtension" />
    <RootType FullName="Windows.UI.Xaml.Controls.Page">
      <RootProperty Name="Background" />
      <RootProperty Name="Content" />
      <RootProperty Name="Resources" />
    </RootType>
    <RootType FullName="System.Double" />
    <RootType FullName="Windows.UI.Xaml.Thickness" />
    <RootType FullName="Windows.UI.Xaml.AdaptiveTrigger">
      <RootProperty Name="MinWindowWidth" />
    </RootType>
    <RootType FullName="Windows.UI.Xaml.Controls.RowDefinition">
      <RootProperty Name="Height" />
    </RootType>
    <RootType FullName="Windows.UI.Xaml.Controls.StackPanel">
      <RootProperty Name="Orientation" />
      <RootProperty Name="Children" />
      <RootProperty Name="Margin" />
      <RootProperty Name="Name" />
      <RootProperty Name="Padding" />
      <RootProperty Name="Spacing" />
      <RootProperty Name="Height" />
    </RootType>
    <RootType FullName="Windows.UI.Xaml.Controls.RelativePanel">
      <RootProperty Name="HorizontalAlignment" />
      <RootProperty Name="Width" />
      <RootProperty Name="Children" />
      <RootMethod Name="GetBelow" />
      <RootMethod Name="SetBelow" />
    </RootType>
    <RootType FullName="Windows.UI.Xaml.Controls.HyperlinkButton">
      <RootProperty Name="NavigateUri" />
      <RootProperty Name="Content" />
      <RootProperty Name="Margin" />
    </RootType>
    <RootType FullName="Windows.UI.Xaml.Controls.Image">
      <RootProperty Name="Source" />
    </RootType>
    <RootType FullName="Windows.UI.Xaml.Controls.ToggleSwitch">
      <RootProperty Name="IsOn" />
      <RootProperty Name="Margin" />
      <RootProperty Name="IsEnabled" />
      <RootProperty Name="Visibility" />
    </RootType>
    <RootType FullName="Windows.UI.Xaml.Controls.ComboBox">
      <RootProperty Name="SelectedIndex" />
      <RootProperty Name="Margin" />
      <RootProperty Name="IsEnabled" />
      <RootProperty Name="HorizontalAlignment" />
      <RootProperty Name="MinWidth" />
      <RootProperty Name="Items" />
      <RootProperty Name="Name" />
      <RootProperty Name="Width" />
      <RootProperty Name="VerticalAlignment" />
    </RootType>
    <RootType FullName="Windows.UI.Xaml.Controls.ComboBoxItem">
      <RootProperty Name="Content" />
    </RootType>
    <RootType FullName="Microsoft.PowerToys.Settings.UI.Views.ColorPickerPage" />
    <RootType FullName="Microsoft.Toolkit.Uwp.UI.Converters.BoolToObjectConverter">
      <RootProperty Name="TrueValue" />
      <RootProperty Name="FalseValue" />
    </RootType>
    <RootType FullName="Microsoft.Toolkit.Uwp.UI.Converters.BoolToVisibilityConverter" />
    <RootType FullName="Windows.UI.Xaml.Controls.Button">
      <RootProperty Name="Margin" />
      <RootProperty Name="Style" />
      <RootProperty Name="Command" />
      <RootProperty Name="IsEnabled" />
      <RootProperty Name="Foreground" />
      <RootProperty Name="Background" />
      <RootProperty Name="FontFamily" />
      <RootProperty Name="Width" />
      <RootProperty Name="Content" />
      <RootProperty Name="VerticalAlignment" />
      <RootProperty Name="UseLayoutRounding" />
      <RootProperty Name="CommandParameter" />
      <RootEvent Name="Click" />
    </RootType>
    <RootType FullName="Windows.UI.Xaml.Controls.RadioButton">
      <RootProperty Name="IsChecked" />
      <RootProperty Name="IsEnabled" />
    </RootType>
    <RootType FullName="Microsoft.PowerToys.Settings.UI.Views.GeneralPage" />
    <RootType FullName="Windows.UI.Xaml.Controls.ListView">
      <RootProperty Name="ItemsSource" />
      <RootProperty Name="Padding" />
      <RootProperty Name="IsEnabled" />
      <RootProperty Name="SelectionMode" />
      <RootProperty Name="ItemContainerStyle" />
      <RootProperty Name="ItemTemplate" />
      <RootProperty Name="BorderBrush" />
      <RootProperty Name="BorderThickness" />
      <RootProperty Name="CornerRadius" />
      <RootProperty Name="MinWidth" />
      <RootProperty Name="MaxHeight" />
      <RootProperty Name="Margin" />
      <RootProperty Name="HorizontalAlignment" />
      <RootProperty Name="IsSwipeEnabled" />
      <RootProperty Name="Visibility" />
      <RootEvent Name="ContainerContentChanging" />
    </RootType>
    <RootType FullName="Windows.UI.Xaml.Controls.ScrollViewer">
      <RootProperty Name="Content" />
      <RootMethod Name="GetHorizontalScrollMode" />
      <RootMethod Name="SetHorizontalScrollMode" />
      <RootMethod Name="GetHorizontalScrollBarVisibility" />
      <RootMethod Name="SetHorizontalScrollBarVisibility" />
      <RootMethod Name="GetIsHorizontalRailEnabled" />
      <RootMethod Name="SetIsHorizontalRailEnabled" />
      <RootMethod Name="GetVerticalScrollBarVisibility" />
      <RootMethod Name="SetVerticalScrollBarVisibility" />
      <RootMethod Name="GetVerticalScrollMode" />
      <RootMethod Name="SetVerticalScrollMode" />
      <RootMethod Name="GetIsVerticalRailEnabled" />
      <RootMethod Name="SetIsVerticalRailEnabled" />
    </RootType>
    <RootType FullName="Microsoft.UI.Xaml.Controls.NumberBox">
      <RootProperty Name="Minimum" />
      <RootProperty Name="Maximum" />
      <RootProperty Name="Value" />
      <RootProperty Name="MinWidth" />
      <RootProperty Name="Margin" />
      <RootProperty Name="SpinButtonPlacementMode" />
      <RootProperty Name="HorizontalAlignment" />
      <RootProperty Name="IsEnabled" />
      <RootProperty Name="Name" />
      <RootProperty Name="VerticalAlignment" />
      <RootProperty Name="Opacity" />
      <RootProperty Name="Width" />
      <RootProperty Name="SmallChange" />
      <RootProperty Name="LargeChange" />
    </RootType>
    <RootType FullName="Windows.UI.Xaml.Controls.CheckBox">
      <RootProperty Name="IsEnabled" />
      <RootProperty Name="Margin" />
      <RootProperty Name="IsChecked" />
    </RootType>
    <RootType FullName="Windows.UI.Xaml.Controls.ListViewItem" />
    <RootType FullName="Windows.UI.Xaml.Controls.Primitives.ListViewItemPresenter">
      <RootProperty Name="CheckBrush" />
      <RootProperty Name="ContentMargin" />
      <RootProperty Name="CheckMode" />
      <RootProperty Name="ContentTransitions" />
      <RootProperty Name="CheckBoxBrush" />
      <RootProperty Name="DragForeground" />
      <RootProperty Name="DragOpacity" />
      <RootProperty Name="DragBackground" />
      <RootProperty Name="DisabledOpacity" />
      <RootProperty Name="FocusVisualPrimaryBrush" />
      <RootProperty Name="FocusVisualSecondaryThickness" />
      <RootProperty Name="FocusBorderBrush" />
      <RootProperty Name="FocusVisualMargin" />
      <RootProperty Name="FocusVisualPrimaryThickness" />
      <RootProperty Name="FocusSecondaryBorderBrush" />
      <RootProperty Name="FocusVisualSecondaryBrush" />
      <RootProperty Name="HorizontalContentAlignment" />
      <RootProperty Name="PointerOverForeground" />
      <RootProperty Name="PressedBackground" />
      <RootProperty Name="PlaceholderBackground" />
      <RootProperty Name="PointerOverBackground" />
      <RootProperty Name="ReorderHintOffset" />
      <RootProperty Name="SelectedPressedBackground" />
      <RootProperty Name="SelectionCheckMarkVisualEnabled" />
      <RootProperty Name="SelectedForeground" />
      <RootProperty Name="SelectedPointerOverBackground" />
      <RootProperty Name="SelectedBackground" />
      <RootProperty Name="VerticalContentAlignment" />
    </RootType>
    <RootType FullName="Windows.UI.Xaml.DataTemplate">
      <RootProperty Name="Template" />
    </RootType>
    <RootType FullName="Microsoft.PowerToys.Settings.UI.Views.ImageResizerPage" />
    <RootType FullName="Microsoft.PowerToys.Settings.UI.Views.VisibleIfNotEmpty" />
    <RootType FullName="Windows.UI.Xaml.Controls.ItemsControl">
      <RootProperty Name="ItemsSource" />
      <RootProperty Name="IsTabStop" />
      <RootProperty Name="ItemsPanel" />
      <RootProperty Name="ItemTemplate" />
      <RootProperty Name="Name" />
    </RootType>
    <RootType FullName="Windows.UI.Xaml.Controls.FontIcon">
      <RootProperty Name="Glyph" />
      <RootProperty Name="FontSize" />
      <RootProperty Name="VerticalAlignment" />
      <RootProperty Name="Margin" />
    </RootType>
    <RootType FullName="Windows.UI.Xaml.Controls.ItemsPanelTemplate">
      <RootProperty Name="Template" />
    </RootType>
    <RootType FullName="Microsoft.Toolkit.Uwp.UI.Extensions.ListViewExtensions">
      <RootMethod Name="GetAlternateColor" />
      <RootMethod Name="SetAlternateColor" />
    </RootType>
    <RootType FullName="Microsoft.PowerToys.Settings.UI.Views.KeyboardManagerPage" />
    <RootType FullName="Microsoft.PowerToys.Settings.UI.Views.PowerLauncherPage" />
    <RootType FullName="Microsoft.Toolkit.Uwp.UI.Converters.StringFormatConverter" />
    <RootType FullName="Microsoft.UI.Xaml.Controls.DropDownButton">
      <RootProperty Name="Margin" />
      <RootProperty Name="IsEnabled" />
      <RootProperty Name="Padding" />
      <RootProperty Name="Content" />
      <RootProperty Name="Flyout" />
    </RootType>
    <RootType FullName="Windows.UI.Xaml.Controls.Flyout">
      <RootProperty Name="Content" />
    </RootType>
    <RootType FullName="Microsoft.UI.Xaml.Controls.ColorPicker">
      <RootProperty Name="Margin" />
      <RootProperty Name="HorizontalAlignment" />
      <RootProperty Name="IsColorSliderVisible" />
      <RootProperty Name="IsColorChannelTextInputVisible" />
      <RootProperty Name="IsHexInputVisible" />
      <RootProperty Name="IsAlphaEnabled" />
      <RootProperty Name="IsAlphaSliderVisible" />
      <RootProperty Name="IsAlphaTextInputVisible" />
      <RootProperty Name="Color" />
      <RootProperty Name="IsEnabled" />
    </RootType>
    <RootType FullName="Windows.UI.Xaml.Controls.Slider">
      <RootProperty Name="Minimum" />
      <RootProperty Name="Maximum" />
      <RootProperty Name="MinWidth" />
      <RootProperty Name="IsThumbToolTipEnabled" />
      <RootProperty Name="Value" />
      <RootProperty Name="HorizontalAlignment" />
      <RootProperty Name="IsEnabled" />
      <RootProperty Name="Width" />
    </RootType>
    <RootType FullName="Windows.UI.Xaml.Controls.Viewbox">
      <RootProperty Name="Height" />
      <RootProperty Name="Width" />
      <RootProperty Name="Margin" />
      <RootProperty Name="Child" />
    </RootType>
    <RootType FullName="Windows.UI.Xaml.Controls.PathIcon">
      <RootProperty Name="Data" />
    </RootType>
    <RootType FullName="Microsoft.PowerToys.Settings.UI.Views.FancyZonesPage" />
    <RootType FullName="Microsoft.PowerToys.Settings.UI.Views.PowerPreviewPage" />
    <RootType FullName="Microsoft.PowerToys.Settings.UI.Views.PowerRenamePage" />
    <RootType FullName="Microsoft.Xaml.Interactivity.Interaction">
      <RootMethod Name="GetBehaviors" />
      <RootMethod Name="SetBehaviors" />
    </RootType>
    <RootType FullName="Microsoft.Xaml.Interactions.Core.EventTriggerBehavior">
      <RootProperty Name="EventName" />
      <RootProperty Name="Actions" />
    </RootType>
    <RootType FullName="Microsoft.Xaml.Interactions.Core.InvokeCommandAction">
      <RootProperty Name="Command" />
    </RootType>
    <RootType FullName="Microsoft.UI.Xaml.Controls.NavigationView">
      <RootProperty Name="IsBackButtonVisible" />
      <RootProperty Name="IsBackEnabled" />
      <RootProperty Name="SelectedItem" />
      <RootProperty Name="IsSettingsVisible" />
      <RootProperty Name="OpenPaneLength" />
      <RootProperty Name="CompactModeThresholdWidth" />
      <RootProperty Name="Background" />
      <RootProperty Name="MenuItems" />
      <RootProperty Name="Content" />
    </RootType>
    <RootType FullName="Microsoft.UI.Xaml.Controls.NavigationViewItem">
      <RootProperty Name="Icon" />
    </RootType>
    <RootType FullName="Microsoft.PowerToys.Settings.UI.Helpers.NavHelper">
      <RootMethod Name="GetNavigateTo" />
      <RootMethod Name="SetNavigateTo" />
    </RootType>
    <RootType FullName="Microsoft.PowerToys.Settings.UI.Behaviors.NavigationViewHeaderBehavior">
      <RootProperty Name="DefaultHeader" />
      <RootProperty Name="DefaultHeaderTemplate" />
    </RootType>
    <RootType FullName="Windows.UI.Xaml.Controls.Frame" />
    <RootType FullName="Microsoft.PowerToys.Settings.UI.Views.ShellPage" />
    <RootType FullName="Microsoft.UI.Xaml.Controls.RadioButtons">
      <RootProperty Name="IsEnabled" />
      <RootProperty Name="SelectedIndex" />
      <RootProperty Name="Margin" />
      <RootProperty Name="Items" />
    </RootType>
    <RootType FullName="Microsoft.PowerToys.Settings.UI.Views.ShortcutGuidePage" />
  </Roots.RootTypes>
</Roots>
